{
  "project_info": {
    "project_number": "736593172072",
    "project_id": "my-moodle-app",
    "storage_bucket": "my-moodle-app.appspot.com"
  },
  "client": [
    {
      "client_info": {
        "mobilesdk_app_id": "1:736593172072:android:79b2cb7749b08fb4fccddd",
        "android_client_info": {
          "package_name": "com.example.myapplication3"
        }
      },
      "oauth_client": [
        {
          "client_id": "736593172072-6c9bvohe65r28dv1mhargrimglrhurb2.apps.googleusercontent.com",
          "client_type": 3
        }
      ],
      "api_key": [
        {
          "current_key": "AIzaSyAVpb5Wd_t93N6U0PioF_LZTCQuX39Kls0"
        }
      ],
      "services": {
        "appinvite_service": {
          "other_platform_oauth_client": [
            {
              "client_id": "736593172072-6c9bvohe65r28dv1mhargrimglrhurb2.apps.googleusercontent.com",
              "client_type": 3
            }
          ]
        }
      }
    },
    {
      "client_info": {
        "mobilesdk_app_id": "1:736593172072:android:076bbcbd36e5078efccddd",
        "android_client_info": {
          "package_name": "com.example.mymoodleapp"
        }
      },
      "oauth_client": [
        {
          "client_id": "736593172072-6c9bvohe65r28dv1mhargrimglrhurb2.apps.googleusercontent.com",
          "client_type": 3
        }
      ],
      "api_key": [
        {
          "current_key": "AIzaSyAVpb5Wd_t93N6U0PioF_LZTCQuX39Kls0"
        }
      ],
      "services": {
        "appinvite_service": {
          "other_platform_oauth_client": [
            {
              "client_id": "736593172072-6c9bvohe65r28dv1mhargrimglrhurb2.apps.googleusercontent.com",
              "client_type": 3
            }
          ]
        }
      }
    }
  ],
  "configuration_version": "1"
}